Dataset	Domains	www.google.com	doubleclick.net	google-analytics.com	googleapis.com	maps.google.com	youtube.com
alexa.2014-09-01.random.10000-http	8216	0.29065238558909445	0.3027020447906524	0.6324245374878287	0.4515579357351509	0.015944498539435248	0.07108081791626096
alexa.2014-09-01.random.10000-http-www	8493	0.286471211586012	0.29589073354527257	0.6291063228541152	0.44577887672200633	0.016248675379724478	0.07099964676792653
alexa.2014-09-01.random.10000-https	1135	0.32863436123348017	0.360352422907489	0.6960352422907489	0.47400881057268723	0.013215859030837005	0.09515418502202644
alexa.2014-09-01.random.10000-https-www	1224	0.2785947712418301	0.3488562091503268	0.7132352941176471	0.4035947712418301	0.014705882352941176	0.06944444444444445
alexa.2014-09-01.top.10000-http	8545	0.3639555295494441	0.5001755412521942	0.6521942656524283	0.3808074897600936	0	0.05430076067875951
alexa.2014-09-01.top.10000-http-www	8682	0.36109191430545956	0.4970052983183598	0.6510020732550104	0.37145818935729097	0	0.05125547108961069
alexa.2014-09-01.top.10000-https	2507	0.3458316713203031	0.5001994415636218	0.649780614280016	0.3805345033905066	0	0.05743917032309533
alexa.2014-09-01.top.10000-https-www	2957	0.34764964491038214	0.5018599932363882	0.6320595197835644	0.35779506256340887	0	0.049374365911396684
alexa.2014-09-01.top.dk.10000-http	2263	0.2907644719399028	0.3672116659301812	0.6950950066283694	0.5276182059213433	0.019885108263367212	0.05391073795846222
alexa.2014-09-01.top.dk.10000-http-www	2310	0.2878787878787879	0.3722943722943723	0.696969696969697	0.5255411255411255	0.01904761904761905	0.051515151515151514
alexa.2014-09-01.top.dk.10000-https	339	0.3008849557522124	0.3746312684365782	0.6666666666666666	0.4837758112094395	0.017699115044247787	0.04129793510324484
alexa.2014-09-01.top.dk.10000-https-www	441	0.30612244897959184	0.40589569160997735	0.671201814058957	0.4308390022675737	0.015873015873015872	0.04081632653061224
alexa.2014-09-01.top.se.10000-http	2797	0.2835180550589918	0.3321415802645692	0.7479442259563819	0.49588845191276365	0.023239184840900966	0.06864497676081516
alexa.2014-09-01.top.se.10000-http-www	2895	0.2825561312607945	0.32746113989637304	0.7561312607944732	0.5043177892918825	0.02383419689119171	0.06666666666666667
alexa.2014-09-01.top.se.10000-https	438	0.2968036529680365	0.3561643835616438	0.7922374429223744	0.5068493150684932	0.0319634703196347	0.0547945205479452
alexa.2014-09-01.top.se.10000-https-www	650	0.3153846153846154	0.39076923076923076	0.7738461538461539	0.4553846153846154	0.02923076923076923	0.05384615384615385
com.2014-08-29.random.10000-http	7775	0.3484244372990354	0.3387781350482315	0.2747266881028939	0.2529903536977492	0.013118971061093247	0.02482315112540193
com.2014-08-29.random.10000-http-www	7811	0.3455383433619255	0.33568045064652413	0.27346050441684805	0.25272052234028936	0.013314556394827808	0.02406862117526565
com.2014-08-29.random.10000-https	50	0.2	0.12	0.48	0.44	0.02	0.08
com.2014-08-29.random.10000-https-www	55	0.16363636363636364	0.12727272727272726	0.45454545454545453	0.36363636363636365	0.01818181818181818	0.07272727272727272
dk.2014-07-23.random.10000-http	7180	0.12688022284122563	0.07590529247910864	0.27604456824512535	0.3026462395543176	0.011559888579387187	0.02298050139275766
dk.2014-07-23.random.10000-http-www	7378	0.12428842504743833	0.073597180807807	0.27595554350772566	0.29899701816210356	0.01192735158579561	0.021957169964760097
dk.2014-07-23.random.10000-https	23	0.21739130434782608	0.17391304347826086	0.4782608695652174	0.30434782608695654	0	0.13043478260869565
dk.2014-07-23.random.10000-https-www	32	0.1875	0.15625	0.5	0.25	0	0.125
net.2014-08-29.random.10000-http	7270	0.38266850068775793	0.36960110041265476	0.24332874828060522	0.20550206327372764	0.007427785419532325	0.019944979367262722
net.2014-08-29.random.10000-http-www	7378	0.377744646245595	0.3636486852805638	0.24315532664678774	0.2037137435619409	0.006776904310111141	0.02005963675792898
net.2014-08-29.random.10000-https	26	0.07692307692307693	0.07692307692307693	0.4230769230769231	0.46153846153846156	0.038461538461538464	0
net.2014-08-29.random.10000-https-www	28	0.10714285714285714	0.10714285714285714	0.42857142857142855	0.4642857142857143	0.03571428571428571	0
reach50.2014w35.se-http	43	0.18604651162790697	0.32558139534883723	0.5116279069767442	0.27906976744186046	0	0.023255813953488372
reach50.2014w35.se-http-www	42	0.14285714285714285	0.2619047619047619	0.5476190476190477	0.2619047619047619	0	0.023809523809523808
reach50.2014w35.se-https	18	0.1111111111111111	0.2222222222222222	0.5555555555555556	0.2777777777777778	0	0
reach50.2014w35.se-https-www	26	0.07692307692307693	0.19230769230769232	0.5769230769230769	0.3076923076923077	0	0.038461538461538464
se.2014-07-10.random.100000-http	73605	0.13746348753481422	0.08227701922423748	0.31961143944025544	0.3375042456354867	0.013382243054140344	0.023612526322940017
se.2014-07-10.random.100000-http-www	77261	0.1344145170267017	0.08132175353671321	0.3196308616248819	0.3315126648632557	0.012878425078629581	0.023012904311360195
se.2014-07-10.random.100000-https	282	0.13120567375886524	0.11347517730496454	0.6418439716312057	0.3900709219858156	0.01773049645390071	0.024822695035460994
se.2014-07-10.random.100000-https-www	328	0.1402439024390244	0.1676829268292683	0.6707317073170732	0.38109756097560976	0.018292682926829267	0.018292682926829267
se.healthstatus.2013.counties-http	18	0.2222222222222222	0	0.8333333333333334	0.4444444444444444	0	0
se.healthstatus.2013.counties-http-www	21	0.19047619047619047	0	0.8095238095238095	0.5238095238095238	0	0
se.healthstatus.2013.counties-https	3	0	0	1	0.3333333333333333	0	0
se.healthstatus.2013.counties-https-www	6	0.16666666666666666	0	0.8333333333333334	0.5	0	0
se.healthstatus.2013.domain-registrars-http	127	0.18110236220472442	0.18110236220472442	0.6929133858267716	0.4251968503937008	0.023622047244094488	0.03937007874015748
se.healthstatus.2013.domain-registrars-http-www	134	0.1865671641791045	0.1865671641791045	0.664179104477612	0.43283582089552236	0.029850746268656716	0.04477611940298507
se.healthstatus.2013.domain-registrars-https	40	0.275	0.325	0.7	0.375	0.05	0.1
se.healthstatus.2013.domain-registrars-https-www	42	0.21428571428571427	0.2857142857142857	0.6904761904761905	0.38095238095238093	0.023809523809523808	0.07142857142857142
se.healthstatus.2013.financial-services-http	67	0.14925373134328357	0.1791044776119403	0.5970149253731343	0.208955223880597	0	0.029850746268656716
se.healthstatus.2013.financial-services-http-www	72	0.1388888888888889	0.16666666666666666	0.5833333333333334	0.2222222222222222	0.013888888888888888	0.027777777777777776
se.healthstatus.2013.financial-services-https	16	0.1875	0.125	0.6875	0.3125	0	0.125
se.healthstatus.2013.financial-services-https-www	31	0.2903225806451613	0.22580645161290322	0.7419354838709677	0.25806451612903225	0	0.06451612903225806
se.healthstatus.2013.gocs-http	49	0.20408163265306123	0.16326530612244897	0.9591836734693877	0.42857142857142855	0.12244897959183673	0.061224489795918366
se.healthstatus.2013.gocs-http-www	57	0.17543859649122806	0.14035087719298245	0.9122807017543859	0.40350877192982454	0.10526315789473684	0.05263157894736842
se.healthstatus.2013.gocs-https	4	0	0.25	0.75	0.25	0.25	0
se.healthstatus.2013.gocs-https-www	9	0	0.2222222222222222	0.6666666666666666	0.2222222222222222	0.1111111111111111	0
se.healthstatus.2013.higher-education-http	40	0.15	0.125	0.875	0.275	0.025	0.075
se.healthstatus.2013.higher-education-http-www	47	0.1276595744680851	0.0851063829787234	0.8723404255319149	0.2978723404255319	0.0425531914893617	0.06382978723404255
se.healthstatus.2013.higher-education-https	9	0.2222222222222222	0.1111111111111111	1	0.2222222222222222	0	0.1111111111111111
se.healthstatus.2013.higher-education-https-www	24	0.16666666666666666	0.20833333333333334	0.9583333333333334	0.2916666666666667	0	0.125
se.healthstatus.2013.isps-http	18	0.2222222222222222	0.3333333333333333	0.7222222222222222	0.4444444444444444	0.05555555555555555	0
se.healthstatus.2013.isps-http-www	19	0.2631578947368421	0.3684210526315789	0.7894736842105263	0.47368421052631576	0.05263157894736842	0
se.healthstatus.2013.isps-https	6	0.5	0.6666666666666666	0.8333333333333334	0.5	0	0
se.healthstatus.2013.isps-https-www	10	0.4	0.4	0.7	0.5	0.1	0
se.healthstatus.2013.media-http	26	0.15384615384615385	0.4230769230769231	0.6923076923076923	0.5384615384615384	0	0.038461538461538464
se.healthstatus.2013.media-http-www	28	0.10714285714285714	0.39285714285714285	0.7142857142857143	0.6071428571428571	0	0
se.healthstatus.2013.media-https	4	0	0.25	0.75	0.75	0	0
se.healthstatus.2013.media-https-www	5	0	0.4	1	0.8	0	0
se.healthstatus.2013.municipalities-http	249	0.3534136546184739	0.012048192771084338	0.7951807228915663	0.5301204819277109	0.040160642570281124	0.024096385542168676
se.healthstatus.2013.municipalities-http-www	271	0.3726937269372694	0.014760147601476014	0.7749077490774908	0.5276752767527675	0.033210332103321034	0.01845018450184502
se.healthstatus.2013.municipalities-https	44	0.25	0.022727272727272728	0.8181818181818182	0.38636363636363635	0.045454545454545456	0.022727272727272728
se.healthstatus.2013.municipalities-https-www	54	0.24074074074074073	0.018518518518518517	0.8148148148148148	0.4444444444444444	0.037037037037037035	0
se.healthstatus.2013.public-authorities-http	170	0.1	0.029411764705882353	0.8	0.38235294117647056	0.023529411764705882	0.03529411764705882
se.healthstatus.2013.public-authorities-http-www	203	0.08866995073891626	0.019704433497536946	0.7832512315270936	0.3891625615763547	0.019704433497536946	0.024630541871921183
se.healthstatus.2013.public-authorities-https	18	0.05555555555555555	0	0.7222222222222222	0.2222222222222222	0	0
se.healthstatus.2013.public-authorities-https-www	37	0.02702702702702703	0.02702702702702703	0.7837837837837838	0.2702702702702703	0	0
